template_id,name,bucket
1,DefaultThingTemplate,other
2,AirF_PointDefenseLaserBeam,other
3,AirF_AuroraBombGas,other
4,AirF_RaptorPointDefenseLaserBeam,other
5,AirF_AuroraBomb,other
6,AirF_PatriotBinaryDataStream,other
7,AirF_AmericaJetSpectreGunship1,air
8,AirF_AmericaJetSpectreGunship2,air
9,AirF_AmericaJetSpectreGunship3,air
10,AirF_SpectreGunshipHowitzer,other
11,AirF_AmericaJetB52,air
12,AirF_AmericaJetAurora,air
13,AirF_AmericaJetStealthFighter,air
14,AirF_AmericaVehicleComanche,air
15,AirF_AmericaJetA10Thunderbolt,air
16,AirF_AmericaJetCargoPlane,air
17,AirF_AmericaInfantryColonelBurton,hero
18,AirF_AmericaInfantryRanger,infantry
19,AirF_AmericaInfantryMissileDefender,infantry
20,AirF_AmericaInfantryPilot,infantry
21,AirF_AmericaInfantryPathfinder,infantry
22,AirF_CountermeasureFlare,other
23,AirF_ComancheBlades,other
24,AirF_AmericaParachute,other
25,AirF_AmericaCrateParachute,other
26,AirF_LargeParachute,other
27,AirF_AmericaVehicleHumvee,light
28,AirF_AmericaVehicleTomahawk,artillery
29,AirF_AmericaVehicleMedic,light
30,AirF_AmericaVehicleBattleDrone,tank
31,AirF_AmericaVehicleScoutDrone,tank
32,AirF_AmericaVehicleHellfireDrone,tank
33,AirF_AmericaVehicleSpyDrone,light
34,AirF_AmericaVehicleDozer,eco
35,AirF_AmericaVehicleSentryDrone,light
36,AirF_AmericaTankAvengerLaserTurret,other
37,AirF_AmericaTankAvenger,light
38,AirF_AmericaTankMicrowave,tank
39,AirF_AmericaCommandCenter,structure
40,AirF_AmericaPowerPlant,structure
41,AirF_AmericaParticleCannonUplink,superweapon
42,AirF_SDILasers,other
43,AirF_AmericaStrategyCenter,structure
44,AirF_AmericaAirfield,structure
45,AirF_AmericaSupplyCenter,eco
46,AirF_AmericaSupplyDropZone,eco
47,AirF_AmericaBarracks,structure
48,AirF_AmericaWarFactory,structure
49,AirF_AmericaPatriotBattery,defense
50,AirF_PatriotMissile,other
51,AirF_AmericaFireBase,defense
52,AFG_AmericaVehicleChinook,eco
53,AirF_AmericaVehicleChinook,eco
54,AirF_AmericaJetRaptor,air
55,AirF_AmericaJetB3,air
56,AmericaJetSpectreGunship,air
57,SpectreGunshipGattlingCannon,other
58,SpectreGunshipHowitzer,other
59,AmericaJetRaptor,air
60,AmericaJetAircraftCarrierRaptor,air
61,AmericaJetB52,air
62,AmericaJetAurora,air
63,AmericaJetStealthFighter,air
64,AmericaVehicleComanche,air
65,AmericaJetA10Thunderbolt,air
66,AmericaVehicleChinook,eco
67,AmericaJetCargoPlane,air
68,CINE_USA08_AmericaJetB52,air
69,CINE_U06_CruiseMissileFLY,air
70,CINE_U06_CruiseMissileAttack,other
71,CINE_U06_BBus,structure
72,CINE_U06_SatPhoto01,other
73,CINE_U06_SatPhoto02,other
74,CINE_U06_SatPhoto03,other
75,CINE_Sattelite3,structure
76,CINE_AmericaVehicleHumvee,light
77,CINE_USA08_AmericaVehicleComanche,air
78,CINE_ComancheRubbleHull,other
79,CINE_AmericaInfantryRanger,infantry
80,CINE_AmericanInfantryPathfinder,infantry
81,CINE_AmericaTankCrusader,tank
82,CINE_AmericaInfantryBiohazardTech,infantry
83,AmericaVehiclePOWTruck,light
84,CINE_AmericaJetRaptor,air
85,CINE_AmericaJetB52,air
86,CINE_AmericaVehicleComanche,air
87,CINE_AmericaInfantryColonelBurton,infantry
88,CINE_AmericaVehicleChinook,eco
89,CINE_U04_AmericaJetCargoPlane_HIGH,air
90,CINE_U04_AmericaJetCargoPlane_MEDIUM,air
91,CINE_U04_AmericaJetCargoPlane_LOW,air
92,CINE_USA04_PARADROP_AmericaInfantryRanger,infantry
93,CINE_U04_AmericaParachute,other
94,CINE_AmericaJetStealthFighter,air
95,CINE_AmericaJetStealthFighterUSA08,air
96,CINE_CruiseMissileDetObject,other
97,CINE_MiniNukeExplosion,other
98,CINE_AmericaInfantryOfficer,infantry
99,CINE_AmericaVehicleComanche02,air
100,CINE_AmericaInfantryPilot,infantry
101,CINE_AircraftCarrier,structure
102,CINE_AmericaParticleCannonUplink,superweapon
103,CINE_Chinook,structure
104,AmericaInfantryColonelBurton,hero
105,AmericaInfantryRanger,infantry
106,AmericaInfantryMissileDefender,infantry
107,AmericaInfantryPilot,infantry
108,AmericaInfantryPathfinder,infantry
109,CountermeasureFlare,other
110,ComancheBlades,other
111,AmericaParachute,other
112,AmericaCrateParachute,other
113,AmericaVehicleGuardianDrone,tank
114,AmericaInfantryBiohazardTech,infantry
115,AmericaInfantryOfficer,infantry
116,AmericaInfantrySecretService,infantry
117,AmericaVehicleBattleShip,artillery
118,AmericaBattleshipBogusTarget,other
119,CINE_BShipWeaponDetonationObject,other
120,AmericaVehicleRepairDrone,tank
121,LargeParachute,other
122,AmericaVehicleBattleShipReal,artillery
123,AmericaVehicleBattleShipDemo,artillery
124,MISSION_AmericaVehicleSentryDrone,light
125,AmericaInfantryCIAOfficer,infantry
126,AmericaVehicleBattleShipUSSBender,artillery
127,AmericaVehicleHumvee,light
128,AmericaVehicleTomahawk,artillery
129,AmericaVehicleMedic,light
130,AmericaVehicleBattleDrone,tank
131,AmericaVehicleScoutDrone,tank
132,AmericaVehicleHellfireDrone,tank
133,AmericaVehicleSpyDrone,light
134,AmericaTankCrusader,tank
135,AmericaVehicleDozer,eco
136,AmericaTankPaladin,tank
137,AmericaVehicleSentryDrone,light
138,AmericaTankAvengerLaserTurret,other
139,AmericaTankAvenger,light
140,AmericaTankMicrowave,tank
141,Boss_PatriotBinaryDataStream,other
142,Boss_VehicleDozer,eco
143,Boss_CommandCenter,structure
144,Boss_PowerPlant,structure
145,Boss_ParticleCannonUplink,superweapon
146,Boss_Airfield,structure
147,Boss_ScudStorm,superweapon
148,Boss_NuclearMissileLauncher,superweapon
149,Boss_SpeakerTower,defense
150,Boss_TunnelNetwork,defense
151,Boss_SupplyCenter,eco
152,Boss_Barracks,structure
153,Boss_WarFactory,structure
154,Boss_PatriotBattery,defense
155,Boss_Bunker,defense
156,Boss_GattlingCannon,defense
157,Boss_VehicleSupplyTruck,eco
158,Boss_JetSpectreGunship,air
159,Boss_JetAurora,air
160,Boss_VehicleHelix,air
161,Boss_JetMIG,air
162,Boss_JetRaptor,air
163,Boss_InfantryColonelBurton,hero
164,Boss_InfantryRanger,infantry
165,Boss_InfantryPathfinder,infantry
166,Boss_InfantryBlackLotus,hero
167,Boss_InfantryTankHunter,infantry
168,Boss_InfantryHacker,eco
169,Boss_InfantryJarmenKell,hero
170,Boss_InfantryAngryMobNexus,infantry
171,Boss_VehicleTomahawk,artillery
172,Boss_TankPaladin,tank
173,Boss_VehicleSentryDrone,light
174,Boss_TankAvenger,tank
175,Boss_TankOverlord,tank
176,Boss_TankDragon,tank
177,Boss_TankGattling,antiair
178,Boss_VehicleRocketBuggy,artillery
179,Boss_VehicleCombatBikeTerrorist,light
180,Chem_GLAHole,structure
181,Chem_GLACommandCenter,structure
182,Chem_GLAHoleCommandCenter,structure
183,Chem_FakeGLACommandCenter,structure
184,Chem_GLABlackMarket,eco
185,Chem_GLAHoleBlackMarket,structure
186,Chem_FakeGLABlackMarket,structure
187,Chem_GLAScudStorm,superweapon
188,Chem_GLADemoTrap,structure
189,Chem_GLAHoleDemoTrap,structure
190,Chem_GLAStingerSite,defense
191,Chem_GLAHoleStingerSite,structure
192,Chem_GLAPalace,structure
193,Chem_GLAHolePalace,structure
194,Chem_GLASupplyStash,eco
195,Chem_GLAHoleSupplyStash,structure
196,Chem_FakeGLASupplyStash,structure
197,Chem_GLABarracks,structure
198,Chem_FakeGLABarracks,structure
199,Chem_GLAHoleBarracks,structure
200,Chem_GLAArmsDealer,structure
201,Chem_GLAHoleArmsDealer,structure
202,Chem_FakeGLAArmsDealer,structure
203,Chem_GLASneakAttackTunnelNetworkStart,structure
204,Chem_GLASneakAttackTunnelNetwork,defense
205,Chem_GLAInfantryJarmenKell,hero
206,Chem_GLAInfantryTunnelDefender,infantry
207,Chem_GLAInfantryStingerSoldier,infantry
208,Chem_GLAInfantryTerrorist,infantry
209,Chem_GLAInfantryAngryMobNexus,infantry
210,Chem_GLAInfantryAngryMobPistol01,infantry
211,Chem_GLAInfantryAngryMobRock02,infantry
212,Chem_GLAInfantryAngryMobPistol03,infantry
213,Chem_GLAInfantryAngryMobRock04,infantry
214,Chem_GLAInfantryAngryMobPistol05,infantry
215,Chem_GLAInfantryAngryMobMolotov02,infantry
216,Chem_GLAInfantryWorker,eco
217,Chem_GLATankScorpion,tank
218,Chem_GLAVehicleRocketBuggy,artillery
219,Chem_GLAVehicleCombatBike,light
220,Chem_GLAVehicleQuadCannon,antiair
221,Chem_GLAVehicleToxinTruck,light
222,Chem_GLAVehicleBombTruck,light
223,Chem_GLAVehicleScudLauncher,artillery
224,Chem_GLAVehicleTechnical,light
225,Chem_GLAVehicleTechnicalChassisOne,light
226,Chem_GLAVehicleTechnicalChassisTwo,light
227,Chem_GLAVehicleTechnicalChassisThree,light
228,Chem_GLATankMarauder,tank
229,Chem_GLAVehicleRadarVan,light
230,Chem_GLAVehicleBattleBus,light
231,Chem_GLATunnelNetwork,defense
232,Chem_PoisonFieldGammaLarge,other
233,Chem_PoisonFieldGammaMedium,other
234,Chem_PoisonFieldGammaSmall,other
235,Chem_ToxicInfantryGamma,infantry
236,Chem_ScudStormMissile,other
237,Chem_StingerMissile,other
238,Chem_GLAInfantryRebel,infantry
239,Chem_ToxinStreamProjectile,other
240,Chem_ToxinProjectileStream,other
241,ChinaVehicleHelix,air
242,ChinaHelixGattlingCannon,other
243,ChinaHelixPropagandaTower,other
244,ChinaHelixBattleBunker,other
245,ChinaJetMIG,air
246,ChinaJetCargoPlane,air
247,ChinaJetMIG_CinematicVersion,air
248,ChinaInfantryParadeRedGuard,infantry
249,CINE_ChinaInfantryParadeRedGuard,infantry
250,CINE_DemoTrapDetonationObject,other
251,CINE_SandExplosionDetonationObject,other
252,CINE_ChinaTankBattleMaster,tank
253,CINE_ChinaTankOverlord,tank
254,CINE_ChinaVehicleInfernoCannon,artillery
255,CINE_ChinaVehicleNukeLauncher,artillery
256,CINE_ChinaVehicleTroopCrawlerEmpty,tank
257,CINE_ChinaInfantryRedguard,infantry
258,CINE_ChinaJetMIG,air
259,CINE_ChinaTankDragon,tank
260,CINE_ChinaInfantryBlackLotus,infantry
261,CINE_ChinaAmbassador,infantry
262,ChinaInfantryRedguard,infantry
263,ChinaInfantryBlackLotus,hero
264,ChinaInfantryTankHunter,infantry
265,ChinaInfantryHacker,eco
266,ChinaInfantrySecretPolice,infantry
267,ChinaTankOverlordBarrelDebris,other
268,ChinaVehicleTroopCrawlerEmpty,tank
269,ChinaAmbassador,infantry
270,ChinaInfantryOfficer,infantry
271,ChinaInfantryAgent,infantry
272,ChinaArtilleryCannon,air
273,HelixBlades,other
274,ChinaTankBattleMaster,tank
275,ChinaTankOverlord,tank
276,ChinaTankOverlordGattlingCannon,other
277,ChinaTankOverlordPropagandaTower,other
278,ChinaTankOverlordBattleBunker,other
279,ChinaTankDragon,tank
280,ChinaVehicleTroopCrawler,tank
281,ChinaVehicleInfernoCannon,artillery
282,ChinaVehicleNukeLauncher,artillery
283,ChinaTankGattling,antiair
284,ChinaVehicleSupplyTruck,eco
285,ChinaVehicleDozer,eco
286,ChinaTankECM,tank
287,ChinaVehicleListeningOutpost,tank
288,IndestructibleThing,structure
289,GenericBridgeTower,structure
290,BridgeTowerConcreteLeft01,structure
291,BridgeTowerConcreteLeft02,structure
292,BridgeTowerConcreteRight01,structure
293,BridgeTowerConcreteRight02,structure
294,IndustrialBridgeTower01,structure
295,EuropeanTowerBridge01,structure
296,BaghdadVictoryMemorial01,structure
297,BaghdadVictoryMemorial,structure
298,BaghdadVictoryMemorial02,structure
299,SupplyWarehouse,eco
300,SupplyDock,eco
301,SupplyPile,eco
302,SupplyPileSmall,eco
303,GLAToxinTank,structure
304,CivilianAirport,structure
305,CivilianHangar,structure
306,GermanTownHouse1,structure
307,GermanTownHall,structure
308,EuropeanMuseum,structure
309,GermanCotage01,structure
310,GermanPub01,structure
311,GermanPub02,structure
312,GermanWindMill01,structure
313,BarnShed,structure
314,Chalet,structure
315,StanApartment01,structure
316,StanApartment02,structure
317,StanConvenienceStore01,structure
318,StanConvenienceStore02,structure
319,StanGasStation,structure
320,StanGasStation02,structure
321,StanHotel01,structure
322,StanHotel02,structure
323,StanRestaurant01,structure
324,StanRestaurant02,structure
325,StanSchoolhouse02,structure
326,StanSmallRetail01,structure
327,StanSmallRetail02,structure
328,StanSmallRetail03,structure
329,StanSovietOffice01,structure
330,StanSovietOffice02,structure
331,CINE_StanSovietOffice02,structure
332,GermanTownHouse2,structure
333,TechHospitalBib,structure
334,GermanCottageBib1,structure
335,SecretLab,structure
336,GermanTownHouseBib1,structure
337,GermanTownHouseBib2,structure
338,GermanPubBib2,structure
339,AsianMegaMall01,structure
340,AsianElectricRetail,structure
341,AsianNightClub,structure
342,AsianTVStation,structure
343,EnglishTVStatio,structure
344,AsianArcade,structure
345,AsianDealership,structure
346,AsianBank,structure
347,AsianRetailStore01,structure
348,AsianRetailStore02,structure
349,AsianHotel01,structure
350,CivilianBunker01,structure
351,NuclearBunker,structure
352,NukeBunker01,structure
353,AsianOffice01,structure
354,CivilianTEROilDepot,structure
355,CivilianTEROutPost,structure
356,MogadishuHighrise01,structure
357,QuonsetHut01,structure
358,StanHanger01,structure
359,CINE_MH03,structure
360,StanHanger02,structure
361,StanOilTank01,structure
362,StanOilTank02,structure
363,VehicleHanger01,structure
364,StanWatchTowerTall,structure
365,GLAVictoryStatue_Topple,structure
366,Shack,structure
367,BarnCoop,structure
368,RiverHouse01,structure
369,RiverHouse02,structure
370,BoatDocks01,structure
371,BoatDocks02,structure
372,GasStorageFacility,structure
373,SovietGovernmentBuildingSmall,structure
374,IndustrialBuilding02,structure
375,IndustrialBuilding01,structure
376,EuropeanParkingGarage,structure
377,Tent01,structure
378,Tent02,structure
379,Tent03,structure
380,Tent04,structure
381,StanTallTower,structure
382,ConvienceStore,structure
383,GasStation,structure
384,WaterPlant,structure
385,StanTownHall01,structure
386,StanTownHall02,structure
387,Crypt01,structure
388,OilRefinery,structure
389,SovietBuilding,structure
390,SovietRadioBuilding,structure
391,GrassHut01,structure
392,GrassHut02,structure
393,GrassHut03,structure
394,GrassHut04,structure
395,WoodTower,structure
396,GuardTower,structure
397,MogadishuGarage,structure
398,MogadishuShop01,structure
399,MogadishuShop02,structure
400,MogadishuHouse01,structure
401,MogadishuGarage02,structure
402,MogadishuWell,structure
403,MogadishuHighrise02,structure
404,MogadishuHighrise03,structure
405,FarmHouse,structure
406,EuroHighrise,structure
407,EuroHighrise2,structure
408,MidEastCathedral02,structure
409,MogadishuHouse02,structure
410,TallTower02,structure
411,CivilianHighrise01,structure
412,CivilianHighrise02,structure
413,Dam,structure
414,ParticleTestObject,structure
415,WatchTower03,structure
416,MogadishuHouse03,structure
417,MogadishuHouse04,structure
418,MogadishuHouse05,structure
419,MogadishuHouse06,structure
420,MogadishuHouse07,structure
421,MogadishuHouse08,structure
422,MogadishuHouse09,structure
423,MogadishuHouse10,structure
424,MogadishuHouse11,structure
425,MogadishuHouse12,structure
426,MogadishuHouse13,structure
427,MogadishuSmallApartment,structure
428,MogadishuArchedHouse,structure
429,MogadishuDome,structure
430,MogadishuTower04,structure
431,MogadishuTower05,structure
432,Outhouse01,structure
433,Outhouse02,structure
434,MogadishuHouse15,structure
435,MogadishuHouse16,structure
436,MogadishuHouse17,structure
437,Subway01,structure
438,AsiaTownHall01,structure
439,AsianApartmentComplex,structure
440,AsianApartmentUnit,structure
441,ChemicalFactory,structure
442,PharmaceuticalFactory,structure
443,ChemicalBunker,structure
444,CINE_ChemicalBunker,structure
445,GasStation03,structure
446,AsiaGovernmentBuilding,structure
447,AsianTrainStation,structure
448,AsianTrainStation02,structure
449,TechHospital,infantry
450,TechOilDerrick,structure
451,TechOilRefinery,structure
452,AsiaApartment02,structure
453,AsianApartment01,structure
454,ChineeseSpyPost,structure
455,EuropeanLandmarkBridge,structure
456,TsingMaLandmarkBridge,structure
457,TsingMaTankColumn,other
458,TsingMaInfantryColumn,other
459,MonumentTrainBridge,structure
460,MonumentTrainBridgeHigh,structure
461,AsianFloodBridge,structure
462,Crane,structure
463,BaikonurHanger,structure
464,BaikonurGroundControlCenter,structure
465,BaikonurRocketPad,structure
466,BaikonurRocketPad_C,structure
467,CINE_Biak,structure
468,CINE_Biak01,structure
469,CINE_Biak02,structure
470,CINE_Biak03,structure
471,CINE_B301,structure
472,CINE_B302,structure
473,CINE_B303,structure
474,CINE_Sattelite1,structure
475,CINE_Sattelite2,structure
476,CINE_CPlane,structure
477,CINE_CPlane02,structure
478,CINE_CShadow,structure
479,CINE_Raptors01,structure
480,CINE_Raptors02,structure
481,CINE_Raptors03,structure
482,CINE_Raptors04,structure
483,CINE_Sun,other
484,CINE_Moon,other
485,CINE_CPlane03,other
486,OceanConventionCenter,structure
487,SoccerStadiumBleacherEnd,structure
488,SoccerStadiumField,structure
489,SoccerStadiumEntrance,structure
490,SoccerStadiumGoal,structure
491,SoccerStadiumSideBleachers,structure
492,SoccerStadiumLight,other
493,AsianSkyScraper01,structure
494,AsianMegaHotel01,structure
495,AsianOffice02,structure
496,InternationalHotel01,structure
497,TiananmenGate,structure
498,ForbiddenCityGates,structure
499,ForbiddenCityWall,structure
500,ForbiddenCityTower,structure
501,ChineeseFireworksFactory,structure
502,WaterfrontWherehouse01,structure
503,WaterfrontWherehouse02,structure
504,AirfieldHanger01,structure
505,AirfieldHanger02,structure
506,GreatWallMiddle,structure
507,GreatWallSmallArch,structure
508,GreatWallLargeArch,structure
509,GreatWallBuilding,structure
510,GreatWallCorner,structure
511,StanApartment01Bib,structure
512,StanApartment02Bib,structure
513,StanConvenienceStore01Bib,structure
514,StanConvenienceStore02Bib,structure
515,StanHotel01Bib,structure
516,StanSmallRetail03Bib,structure
517,MogadishuHouse02Bib,structure
518,MogadishuHouse03Bib,structure
519,MogadishuHouse04Bib,structure
520,MogadishuShop01Bib,structure
521,MogadishuSmallApartmentBib,structure
522,MogadishuTower04Bib,structure
523,MogadishuTower05Bib,structure
524,StanTallTowerBib,structure
525,StanWatchTowerTallBib,structure
526,TallTower02Bib,structure
527,StanTownHall02Bib,structure
528,AsianApartmentComplexBib,structure
529,SovietRadioBuildingBib,structure
530,AsianMegaHotel01Bib,structure
531,AsianMegaMall01Bib,structure
532,AsianOffice01Bib,structure
533,AsianApartment01Bib,structure
534,AsianRetailStore01Bib,structure
535,EuroHighriseBib,structure
536,CivilianHighrise01Bib,structure
537,CivilianHighrise02Bib,structure
538,SovietBuildingBib,structure
539,AsianBankBib,structure
540,MogodishuHighrise01Bib,structure
541,IndustrialBuilding01Bib,structure
542,IndustrialBuilding02Bib,structure
543,AsianApartmentSingle01,structure
544,StanApartmentSingle01,structure
545,TempleOfHeavenMonumentBib,structure
546,TempleOfHeavenMainTemple,structure
547,TempleOfHeavenFrontHouse,structure
548,TempleOfHeavenSideHouse,structure
549,TempleOfHeavenGateHouse,structure
550,StanTownHall03,structure
551,ChinaRetail01,structure
552,ChinaRetail02,structure
553,ChinaRetail03,structure
554,FortressWallMiddle,structure
555,FortressWallSmallArch,structure
556,FortressWallLargeArch,structure
557,FortressWallBuilding,structure
558,FortressWallCorner,structure
559,FortressWall45Degree,structure
560,CINE_EuroHighrise,structure
561,CINE_MogadishuHighrise03,structure
562,TempBuildingSize,structure
563,TempChokePoint,structure
564,TempSupplyDock,structure
565,SecretResearchLab,structure
566,GreekHouse1,structure
567,GreekHouse2,structure
568,GreekHouse3,structure
569,GreekShop,structure
570,Chalet2,structure
571,Chalet3,structure
572,CBNukeA,structure
573,CBNukeB,structure
574,CBNukeC,structure
575,CBNukeD,structure
576,CBNukeE,structure
577,CBGerbl01,structure
578,CBGerbl02,structure
579,CBGerbl03,structure
580,CBGerbl04,structure
581,CBGerbl05,structure
582,CBGerbl06,structure
583,GermanMuseum,structure
584,ToxinRepository,eco
585,EgyptianPyramidLarge,structure
586,EgyptianPyramidSmall,structure
587,EgyptianSphinx,structure
588,AmericanDriveInScreen,structure
589,AmericanDriveInEntrance,structure
590,AmericanDriveInSign,structure
591,AmericanDriveInSpeaker,structure
592,AmericanDriveInSnacks,structure
593,ValveStation,structure
594,AmericanShop01,structure
595,AmericanShop02,structure
596,AmericanHome01,structure
597,AmericanHome02,structure
598,AmericanHangar03,structure
599,AmericanAirport02,structure
600,AmericanGasStation,structure
601,AmericanFastFood,structure
602,BioRocketPad,structure
603,BioRocketPad_C,structure
604,GermanCastle,structure
605,StreetLamp,other
606,StreetLamp03,other
607,PhoneBoothYellow,other
608,PhoneBoothRed,other
609,StreetLamp02,other
610,Barrel,other
611,CINE_Barrel02,other
612,CINE_Barrel01,other
613,Crate,other
614,PlanterSquare,other
615,PlanterRound,other
616,ChainLinkFence01,other
617,ChainLinkFence02,other
618,ChainLinkFence03,other
619,ChainLinkFence04,other
620,ChainLinkFence05,other
621,ChainLinkFence06,other
622,ChainLinkFenceNoTrespassing,other
623,ChainLinkFence,other
624,FireHydrantYellow,other
625,FireHydrantRed,other
626,WaterSpray,other
627,BusStop,other
628,BusStop02,other
629,CrossingGuard,other
630,Dumpster,other
631,FoodCart,other
632,FoodCart02,other
633,TrainTunnel,other
634,MailBox,other
635,PhoneBooth,other
636,StreetSign,other
637,StopLight,other
638,VendingMachine,other
639,Gargoyle,other
640,ParkBench,other
641,Sprinkler,other
642,StatueAngel,other
643,StatueLenin,other
644,StatueRoman,other
645,TrashCanA,other
646,TrashCanB,other
647,TrashCan01,other
648,TrashCan02,other
649,TrashDumpster,other
650,CargoNet,other
651,Clete,other
652,ManHoleCover,other
653,StackedBoxes,other
654,BigWoodenBarrels,other
655,CheckPointCrossingGuard,other
656,CargoLoadingCranes,other
657,RopeCoil,other
658,ShippingContainer01,other
659,ShippingContainer02,other
660,ShippingContainer03,other
661,ShippingCrate,other
662,RoadBarricade01,other
663,RoadBarricade02,other
664,RoadBarricade03,other
665,AsianFruitStand01,other
666,AsianFruitStand02,other
667,AsianFruitStand03,other
668,AsianStreetLight,other
669,AsianMailBox,other
670,AsianPhoneBooth,other
671,AsianStreetSign,other
672,AsianStopLight,other
673,AsianTrashDumpster,other
674,AsianVendingMachine,other
675,AmmoCache,other
676,BikeRack,other
677,ParkingMeter,other
678,SignalLights,other
679,Billboard01,other
680,Billboard02,other
681,HighwaySign01,other
682,HighwaySign02,other
683,Tollbooth,other
684,ConstructionBarricade,other
685,ConstructionSupplyPile,other
686,PlaygroundSet,other
687,Gravel,other
688,Lumber,other
689,ElectricalTransformer,other
690,Fountain1,other
691,Fountain2,other
692,JapaneeseLatern,other
693,ParkGazebo,other
694,ParkPavilion,other
695,Slide,other
696,Swing,other
697,RoadCone,other
698,Cart,other
699,ClothesLine,other
700,Crate01,other
701,Crate02,other
702,Tent,other
703,Tire,other
704,Tire02,other
705,StreetSign01,other
706,StreetSign02,other
707,StreetSign03,other
708,StreetSign04,other
709,StreetLight03,other
710,StreetLight04,other
711,StoneWall01,other
712,StoneWall01_Column,other
713,StoneWall02,other
714,StoneWall03,other
715,StoneWall04,other
716,StoneWall05,other
717,StoneWall06,other
718,StoneWall06_Corner,other
719,StoneWall06_Arch,other
720,TrashPile01,other
721,TrashPile02,other
722,TrashPaper01,other
723,TrashPaper02,other
724,TrashPaper03,other
725,ConcreteWall01,other
726,ConcreteWall02,other
727,BrickWall01,other
728,BrickWall02,other
729,BrickWall03,other
730,BrickWall04,other
731,BrickWall05,other
732,WoodWall01,other
733,WoodWall02,other
734,PicketFence01,other
735,PicketFence02,other
736,StanNewsStand,other
737,CarJunk01,structure
738,CarJunk02,structure
739,MarketVender01,other
740,MarketVender02,other
741,MarketVender03,other
742,StoneArch01,other
743,BrokenWallPiece02,other
744,BrokenWallPiece03,other
745,BrokenWallPiece04,other
746,BrokenWallPiece05,other
747,OldWoodenTelephonePoll,other
748,WoodBeams01,other
749,CargoNet02,other
750,WoodBeams02,other
751,RailTie,other
752,TireObstacle,other
753,MoundSand,other
754,MoundRubble,other
755,OilStorageTank01,structure
756,WaterStorageTank01,structure
757,GasStorageTank02,structure
758,GasStorageTank01,structure
759,Pump,other
760,WineVat,other
761,WaterTower,structure
762,WaterTower02,other
763,JunkDealer,other
764,JunkDealerStand,other
765,SandbagWall,other
766,SandbagWallCorner,other
767,SandBagWall01,other
768,SandBagWall02,other
769,SandBagWallSmall,other
770,SandbagWallEnd,other
771,SandbagPile01,other
772,SandbagPile02,other
773,SandbagPile03,other
774,DockCommercial,other
775,DockPieceStraight,other
776,DockPieceStraightShort,other
777,DockPeiceStraightEnd1,other
778,DockPeiceStraightEnd2,other
779,DockPeiceCorner1,other
780,DockPeiceCorner1short,other
781,DockPeiceCorner2,other
782,DockPeiceCorner2short,other
783,DockMilitaryStraight,other
784,DockMilitaryClean,other
785,DockMilitaryCorner,other
786,DockMilitaryFiller,other
787,DockMilitaryStraightDk,other
788,DockMilitaryCleanDk,other
789,DockMilitaryCornerD,other
790,DockMilitaryFillerD,other
791,GardenWell,other
792,GardenPathLantern02,other
793,GardenPathLantern01,other
794,AncientWoodenGate02,other
795,AncientWoodenGate01,other
796,AncientGiantBell,other
797,DecorativeBanners,other
798,AncientPondDock,other
799,AncientGazebo,other
800,AncientSoldierStatue01,other
801,AncientSoldierStatue02,other
802,BurningTrashPile,other
803,BurntRubble01,other
804,BurntRubble02,other
805,BurntTruckHulk,other
806,BurntCarHulk,other
807,CementChunks01,other
808,CementChunks02,other
809,LongTable01,other
810,SidewalkCafeSet,other
811,Banners,other
812,Tombstones01,other
813,Tombs,other
814,OldStreetLamppost,other
815,55GallonDrum,other
816,PoliceBarracades,other
817,CanvasSunShader,other
818,FuelTank,other
819,MissleCacheRack,other
820,Torches,other
821,FirePit,other
822,ConcreteBarricade,other
823,TirePile,other
824,CropBundle,other
825,ScareCrow,other
826,OutHouse,other
827,FeedingTroughs,other
828,Barrel03,other
829,Haystack,other
830,CropPile,other
831,OldWoodenWagon,other
832,BambooPoleTower,other
833,TallSmokeStack,other
834,HangingPlatform,other
835,TorturingRack,other
836,POWPit,other
837,RRCrossingGate,other
838,RRSign,other
839,SearchLight,other
840,TempleOfHeavenWallCorners,other
841,TempleOfHeavenLargeLantern,other
842,TempleOfHeavenSmallLights,other
843,DrainPipe,other
844,DrainPipeFlowing,other
845,TheBomb,other
846,GreekRuin01,structure
847,GreekRuin02,structure
848,GreekRuin03,structure
849,GreekRuin04,structure
850,GreekAmpitheatre,other
851,GLA_StatueLg,other
852,GLA_StatueSm,structure
853,CliffFacade,other
854,CliffFacadeS,other
855,GLAVictoryStatue,other
856,BlinkingLightBLUE,other
857,BlinkingLightRED,other
858,MilitiaTank,tank
859,MogadishuMaleCivilian01,infantry
860,MogadishuMaleCivilian02,infantry
861,MogadishuMaleCivilian03,infantry
862,MogadishuFemaleCivilian02,infantry
863,MogadishuFemaleCivilian01,infantry
864,CarCamaro,light
865,CarSport01,light
866,CarScrapSuicide,light
867,CINE_CarScrapSuicide,light
868,CINE_ConvoyNuke,light
869,CarScrap,light
870,CarLimo1,light
871,CarLimo2,light
872,CarLimo3,light
873,ShiekLimo,light
874,CarLimo03DeadHull,other
875,CarLuxury01,light
876,CarLuxury02,light
877,CarLuxury03,light
878,CINE_CarLuxury03XXX,light
879,CINE_ShiekLimo,light
880,CINE_CarLuxury03,light
881,CINE_U05_Technical02,light
882,CarLuxury04,light
883,CarSedan01,light
884,CarSUV01Suicide,light
885,CarSUV01,light
886,CarCompact,light
887,CarTaxiCab01,light
888,CarTaxiCab02,light
889,CarTaxiCab03,light
890,CarTaxiCab04,light
891,CarTaxiCab05,light
892,CarBug1,light
893,CarBug2,light
894,CarBug3,light
895,Humvee1,light
896,CINEExplBox,other
897,CINEExplBox02,other
898,CINE_Confetti,other
899,CINE_Flak,other
900,Humvee1DeadHull,other
901,CarSport02,light
902,CarSwatchEuro,light
903,PoliceCar,light
904,CINE_U05_PoliceCar,light
905,BigRig,light
906,TankerTruck,light
907,CINE_U05_TankerTruck,light
908,AGenericSound,other
909,AmbientVillage1,other
910,AmbientArabMarket1,other
911,AmbientArabMarket2,other
912,AmbientArabMarket3,other
913,AmbientDogBarking,other
914,AmbientNightOwl,other
915,AmbientWindDesert,other
916,AmbientWindMountain,other
917,AmbientWindCold,other
918,AmbientWavesLake,other
919,AmbientRiver,other
920,AmbientMeadow,other
921,AmbientMarsh,other
922,AmbientWavesOcean1,other
923,AmbientInfantryCharge1,other
924,AmbientCrowdAngryArabs1,other
925,AmbientGLABase,other
926,Amb_DesertFarmGoat,other
927,Amb_BattleSweetener,other
928,Amb_DesertFarmAmbience,other
929,Amb_DesertFarmCow,other
930,Amb_DesertFarmSheep,other
931,Amb_DesertFarmRooster,other
932,Amb_DesertMarketBell,other
933,Amb_DesertMarketCarHorn,other
934,Amb_DesertMarketDog,other
935,Amb_DesertMarketDog2,other
936,Amb_DesertMarketGoat,other
937,Amb_DesertMarketMoped,other
938,Amb_DesertMarketWallaMusicLoop,other
939,Amb_DesertMarketWallaLoop,other
940,Amb_DesertMarketWallaWomenLoop,other
941,Amb_DesertNatureDayBirds,other
942,Amb_DesertNatureDayBirds2,other
943,Amb_DesertNatureDayInsects,other
944,Amb_DesertNatureDayInsects2,other
945,Amb_DesertNatureDayInsects3,other
946,Amb_DesertNatureWindThinLoop,other
947,Amb_DesertNatureWindTreesLoop,other
948,Amb_DesertNatureWindThickLoop,other
949,Amb_DesertVillageDayBirds,other
950,Amb_DesertVillageDayBirds2,other
951,Amb_DesertVillageDayDog,other
952,Amb_DesertVillageKids,other
953,Amb_DesertVillageKids2,other
954,Amb_DesertVillageDayMoped,other
955,Amb_DesertVillageDayRooster,other
956,Amb_DesertVillageDayWallaLoop,other
957,Amb_DesertNatureNightInsectLoop,other
958,Amb_DesertVillageNightCat,other
959,Amb_DesertVillageNightDog,other
960,Amb_DesertVillageNightDog2,other
961,Amb_DesertVillageNightDrummerLoop,other
962,Amb_DesertVillageNightInsect,other
963,Amb_DesertVillageNightInsect2,other
964,Amb_DesertVillageNightMenLoop,other
965,Amb_DesertVillageNightTrash,other
966,Amb_UrbanTrainStationAmbientLoop,other
967,Amb_UrbanTrainStationAmbientLoop2,other
968,Amb_UrbanBusStationAmbientLoop,other
969,Amb_UrbanBusStationPAVoice,other
970,Amb_UrbanBusStationBuses,other
971,Amb_UrbanCemetaryBell,other
972,Amb_UrbanCemetaryDigging,other
973,Amb_UrbanNightChinaBikeBell,other
974,Amb_UrbanNightChinaClub2,other
975,Amb_UrbanParkAmbientLoop,other
976,Amb_UrbanParkBirds,other
977,Amb_UrbanParkDucks,other
978,Amb_UrbanParkChimes,other
979,Amb_UrbanSwimmingPoolAmbientLoop,other
980,Amb_UrbanSwimmingPoolDiver,other
981,Amb_UrbanPoliceSiren,other
982,Amb_UrbanPoliceSirenLoop,other
983,Amb_UrbanCityAmbientLoop,other
984,Amb_UrbanCityAmbientLoop2,other
985,Amb_UrbanDocksBirds,other
986,Amb_UrbanDocksAmbientLoop,other
987,Amb_UrbanDocksBouy,other
988,Amb_UrbanDocksFoghorn,other
989,Amb_UrbanDocksMachineryLoop,other
990,Amb_WinterNatureWoodpecker,other
991,Amb_WinterNatureCrows,other
992,Amb_WinterNatureCrows2,other
993,Amb_WinterNatureWindLoop,other
994,Amb_WinterNatureNightWolves,other
995,Amb_UrbanIndustrialYardPileDriver,other
996,Amb_UrbanIndustrialYardAmbientLoop,other
997,Amb_WaterOceanWaves,other
998,Amb_WaterRiverLoop,other
999,Amb_WaterStreamLoop,other
1000,Amb_WinterNatureWindCold,other
1001,Amb_WinterNatureWind,other
1002,Amb_DesertVillageDayDog2,other
1003,Amb_TemperateNightOwl,other
1004,Amb_DesertNatureWindNight,other
1005,Amb_TemperateMeadowAmbientLoop,other
1006,Amb_TemperateMarshAmbientLoop,other
1007,Amb_DesertMarketWallaLoop2,other
1008,Amb_DesertMarketWallaLoop3,other
1009,Amb_DesertVillageDayWallaLoop2,other
1010,Amb_JungleDayDenseAmbientLoop,other
1011,Amb_JungleDayDenseAmbientLoop2,other
1012,Amb_JungleDayDenseAmbientBirds,other
1013,Amb_JungleDaySparseAmbientLoop,other
1014,Amb_JungleDaySparseAmbientAnimal,other
1015,Amb_JungleNightAmbientLoop,other
1016,Amb_JungleNightAmbientLoop2,other
1017,Amb_MountainNatureAmbientLoop,other
1018,Amb_MountainBirds,other
1019,Amb_MountainBirds2,other
1020,Amb_TemperateForestBirdsLoop,other
1021,Amb_TemperateForestBirds,other
1022,Amb_TemperateForestTreesLoop,other
1023,Amb_TemperateForestTrees,other
1024,Amb_TemperateMeadowBirdsLoop,other
1025,Amb_TemperateMeadowBirdsLoop2,other
1026,Amb_TemperateMeadowBirds,other
1027,Amb_UrbanChinaCourtyardLoop,other
1028,Amb_UrbanChinaCourtyardBirds,other
1029,Amb_UrbanChinaCourtyardWallaLoop,other
1030,Amb_WaterLakeAmbientLoop,other
1031,Amb_WaterLakeLappingLoop,other
1032,Amb_WaterLakeLapping,other
1033,Amb_TemperateTownDayAmbientLoop,other
1034,Amb_TemperateTownDayPigDog,other
1035,Amb_TemperateTownDayPig,other
1036,Amb_DesertVillageMilitary,other
1037,Cin_InfantryChargeLoop,other
1038,Cin_TankAmbientLoop,other
1039,Cin_ParadeAmbientLoop,other
1040,Cin_ParadeMarchingLoop,other
1041,Cin_ParadePanicFemaleLoop,other
1042,Cin_ParadeCrowdLoop,other
1043,Cin_NukeAftermathAmbientLoop,other
1044,Cin_NukeAftermathAmbientFX,other
1045,Cin_ScudStormLaunchAlertLoop,other
1046,Cin_BridgeDemoChargeBeep,other
1047,Cin_BaikonurRocketPadHissLoop,other
1048,Cin_BaikonurGLACheerSquad,other
1049,Cin_AngryMobAmbientLoop,other
1050,Cin_DirtRollingLoop,other
1051,Cin_TrainRunningLoop,other
1052,Cin_CombatCycleMainLoop,other
1053,Cin_CombatCycleRumbleLoop,other
1054,Cin_CombatCycleByLoop,other
1055,Cin_CombatCycleByElements,other
1056,AmphibiousTransport,light
1057,CivilianVehicleFerry,other
1058,CivilianVehiclePTBoat,light
1059,ConvoyTruck01,light
1060,ConvoyTruck02,light
1061,ConvoyTruckArmedWithNuke,light
1062,ConvoyTruck04,light
1063,Partisan01,infantry
1064,Partisan02,infantry
1065,Partisan03,infantry
1066,UNSoldier,infantry
1067,GenericMale01,infantry
1068,GenericFemale01,infantry
1069,AmericanFarmer01,infantry
1070,AsianFarmer01,infantry
1071,HomelessGuy,infantry
1072,AsianFarmer02,infantry
1073,AsianFarmer3,infantry
1074,CarAmbulance,light
1075,CarAsian1,light
1076,FarmerChickenTruck,light
1077,FarmerTruck,light
1078,SupplyTruck,light
1079,ToxicSupplyTruck,eco
1080,CarAsian2,light
1081,TractorBackhoe,light
1082,ForkliftLarge,light
1083,AircraftCropDuster,light
1084,AircraftCessna,light
1085,TruckChicken,light
1086,TractorCombine,light
1087,CarEuroVan1,light
1088,CarEuroVan2,light
1089,CarEuroPoliceVan,light
1090,Firetruck,light
1091,ForkliftSmall,light
1092,TruckFarmer,light
1093,BoatAsianFishing,light
1094,TourBus,light
1095,DoubleDeckerTourBus,light
1096,BoatFishingTrowler,light
1097,TruckWork,light
1098,TruckWork2,light
1099,BoatTugboat,light
1100,TrainEngine,light
1101,TrainEngineNoCars,light
1102,TrainEngineAlpine,light
1103,TrainEngine3,light
1104,TrainRocketTransport,light
1105,TrainEngineVerySlow,light
1106,TrainCarFlat,light
1107,TrainCarRocket,light
1108,TrainRocketTransportWithRocket,light
1109,TrainCar01,light
1110,TrainCar02,light
1111,TrainCar03,light
1112,TrainCar04,light
1113,TrainCab,light
1114,TrainCabUngarrisonable,light
1115,TrainCoal,light
1116,TrainTank,light
1117,TrainCar013,light
1118,TrainCar023,light
1119,TrainCar033,light
1120,TrainCab3,light
1121,TrainCoal3,light
1122,TrainTank3,light
1123,CabooseFullOfTerrorists,light
1124,Rickshaw,light
1125,ConstructionCraneCementBucket,light
1126,Scooter,light
1127,CargoCrane,light
1128,CommercialAirliner,air
1129,Tractor,light
1130,OxPlow,light
1131,HorseDrawnCart,light
1132,TrainCoalOrnament,light
1133,TrainTankOrnament,light
1134,AvalancheChunk,other
1135,AvalancheLeadChunk,other
1136,300MeterShroudClearObject,other
1137,CINE_TrainEngine,light
1138,CINE_TrainCarFlat,light
1139,CINE_TrainCarRocket,light
1140,GenericMale02,infantry
1141,GenericFemale02,infantry
1142,CINE_CheeringGenericMale02,infantry
1143,CINE_CheeringGenericFemale02,infantry
1144,CINE_Humvee,light
1145,CINE_ConvoyTruck,light
1146,CINE_PoliceCar,light
1147,CINE_CarLimo3,light
1148,CINE_TankerTruck,light
1149,CINE_ConvoyTruckArmedWithNuke,light
1150,CINE_CarTaxiCab01,light
1151,CINE_CarTaxiCab02,light
1152,CINE_CheeringGenericMale01,infantry
1153,CINE_CheeringGenericFemale01,infantry
1154,CINE_CheeringAsianFarmer3,infantry
1155,RocketBomb,other
1156,RocketDrop,other
1157,CINE_U05_AmericaVehicleHumveeXYZ,light
1158,CINE_U05_AmericaVehicleHumvee,light
1159,CINE_U05_AmericaVehicleHumvee_BRAKE,light
1160,CINE_U05_AmericaVehicleHumvee_Hulk,light
1161,CarSUV01Nuke,light
1162,CINE_TreeBirds,other
1163,CINE_SnowyMountainStatic,other
1164,CINE_SnowyMountainScrollingSnow,other
1165,CINE_SnowyMountainParticleBones,structure
1166,Demo_ScudStormMissile,other
1167,Demo_GLAHole,structure
1168,Demo_GLACommandCenter,structure
1169,Demo_GLAHoleCommandCenter,structure
1170,Demo_FakeGLACommandCenter,structure
1171,Demo_GLABlackMarket,eco
1172,Demo_GLAHoleBlackMarket,structure
1173,Demo_FakeGLABlackMarket,structure
1174,Demo_GLAScudStorm,superweapon
1175,Demo_GLADemoTrap,structure
1176,Demo_GLAHoleDemoTrap,structure
1177,Demo_GLATunnelNetwork,defense
1178,Demo_GLAHoleTunnelNetwork,structure
1179,Demo_GLAStingerSite,defense
1180,Demo_GLAHoleStingerSite,structure
1181,Demo_GLAPalace,structure
1182,Demo_GLAHolePalace,structure
1183,Demo_GLASupplyStash,eco
1184,Demo_GLAHoleSupplyStash,structure
1185,Demo_FakeGLASupplyStash,structure
1186,Demo_GLABarracks,structure
1187,Demo_FakeGLABarracks,structure
1188,Demo_GLAHoleBarracks,structure
1189,Demo_GLAArmsDealer,structure
1190,Demo_GLAHoleArmsDealer,structure
1191,Demo_FakeGLAArmsDealer,structure
1192,Demo_GLASneakAttackTunnelNetworkStart,structure
1193,Demo_GLASneakAttackTunnelNetwork,defense
1194,Demo_GLAInfantryRebel,infantry
1195,Demo_GLAInfantryJarmenKell,hero
1196,Demo_GLAInfantryTunnelDefender,infantry
1197,Demo_GLAInfantryStingerSoldier,infantry
1198,Demo_GLAInfantryTerrorist,infantry
1199,Demo_GLAInfantryAngryMobNexus,infantry
1200,Demo_GLAInfantryAngryMobPistol01,infantry
1201,Demo_GLAInfantryAngryMobRock02,infantry
1202,Demo_GLAInfantryAngryMobPistol03,infantry
1203,Demo_GLAInfantryAngryMobRock04,infantry
1204,Demo_GLAInfantryAngryMobPistol05,infantry
1205,Demo_GLAInfantryAngryMobMolotov02,infantry
1206,Demo_GLAInfantryHijacker,infantry
1207,Demo_GLAInfantryWorker,eco
1208,Demo_GLAInfantrySaboteur,infantry
1209,Demo_GLATankScorpion,tank
1210,Demo_GLAVehicleRocketBuggy,artillery
1211,Demo_GLAVehicleCombatBike,light
1212,Demo_GLAVehicleQuadCannon,antiair
1213,Demo_GLAVehicleToxinTruck,light
1214,Demo_GLAVehicleBombTruck,light
1215,Demo_GLAVehicleScudLauncher,artillery
1216,Demo_GLAVehicleTechnical,light
1217,Demo_GLAVehicleTechnicalChassisOne,light
1218,Demo_GLAVehicleTechnicalChassisTwo,light
1219,Demo_GLAVehicleTechnicalChassisThree,light
1220,Demo_GLATankMarauder,tank
1221,Demo_GLAVehicleRadarVan,light
1222,Demo_GLAVehicleBattleBus,light
1223,GLAHole,structure
1224,AmericaCommandCenter,structure
1225,GLACommandCenter,structure
1226,GLAHoleCommandCenter,structure
1227,FakeGLACommandCenter,structure
1228,ChinaCommandCenter,structure
1229,AmericaPowerPlant,structure
1230,AmericaParticleCannonUplink,superweapon
1231,SDILasers,other
1232,AmericaStrategyCenter,structure
1233,AmericaAirfield,structure
1234,ChinaAirfield,structure
1235,GLABlackMarket,eco
1236,GLAHoleBlackMarket,structure
1237,FakeGLABlackMarket,structure
1238,GLAScudStorm,superweapon
1239,GLAHoleScudStorm,structure
1240,ChinaNuclearMissileLauncher,superweapon
1241,ChinaSpeakerTower,defense
1242,GLADemoTrap,structure
1243,GLAHoleDemoTrap,structure
1244,GLAPowerPlantWindmillBlade,other
1245,GLATunnelNetwork,defense
1246,GLAHoleTunnelNetwork,structure
1247,GLATunnelNetworkNoSpawn,defense
1248,GLAHoleTunnelNetworkNoSpawn,structure
1249,GLAStingerSite,defense
1250,GLAHoleStingerSite,structure
1251,GLAPalace,structure
1252,GLAHolePalace,structure
1253,ChinaPowerPlant,structure
1254,AmericaSupplyCenter,eco
1255,AmericaSupplyDropZone,eco
1256,GLASupplyStash,eco
1257,GLAHoleSupplyStash,structure
1258,FakeGLASupplyStash,structure
1259,ChinaSupplyCenter,eco
1260,AmericaBarracks,structure
1261,GLABarracks,structure
1262,FakeGLABarracks,structure
1263,GLAHoleBarracks,structure
1264,ChinaBarracks,structure
1265,AmericaWarFactory,structure
1266,GLAArmsDealer,structure
1267,GLAHoleArmsDealer,structure
1268,FakeGLAArmsDealer,structure
1269,ChinaWarFactory,structure
1270,ChinaWall,structure
1271,AmericaWall,structure
1272,AmericaWallHub,structure
1273,GLAWall,structure
1274,GLAWallHub,structure
1275,ChinaWallHub,structure
1276,GLATrap,structure
1277,ChinaMoat,structure
1278,PatriotBinaryDataStream,other
1279,AmericaPatriotBattery,defense
1280,ChinaBunker,defense
1281,ChinaPropagandaCenter,structure
1282,ChinaGattlingCannon,defense
1283,GLABurningBarrier,structure
1284,AmericaCheckpoint,structure
1285,GLAStingerSiteNoHole,defense
1286,AmericaAircraftCarrier,structure
1287,GLASneakAttackTunnelNetworkStart,defense
1288,GLASneakAttackTunnelNetwork,defense
1289,ChinaInternetCenter,eco
1290,AmericaFireBase,defense
1291,GLAArmsDealerNoHole,structure
1292,MultiplayerBeacon,other
1293,GC_Chem_GLATunnelNetwork,defense
1294,GC_Chem_GLAStingerSite,defense
1295,GC_Chem_GLADemoTrap,structure
1296,GC_Chem_GLACommandCenter,structure
1297,GC_Chem_GLAHoleCommandCenter,structure
1298,GC_Chem_GLABarracks,structure
1299,GC_Chem_GLAHoleBarracks,structure
1300,GC_Chem_GLAPalace,structure
1301,GC_Chem_GLAHolePalace,structure
1302,GC_Chem_GLAArmsDealer,structure
1303,GC_Chem_GLAHoleArmsDealer,structure
1304,GC_Chem_GLASupplyStash,eco
1305,GC_Chem_GLAHoleSupplyStash,structure
1306,GC_Chem_GLABlackMarket,eco
1307,GC_Chem_GLAHoleBlackMarket,structure
1308,GC_Chem_GLAScudStorm,superweapon
1309,GC_Chem_GLAHoleScudStorm,structure
1310,GC_Chem_PoisonFieldGammaLarge,other
1311,GC_Chem_PoisonFieldGammaMedium,other
1312,GC_Chem_PoisonFieldGammaSmall,other
1313,GC_Chem_ToxicInfantryGamma,infantry
1314,GC_Chem_ScudStormMissile,other
1315,GC_Chem_StingerMissile,other
1316,GC_Chem_GLAInfantryStingerSoldier,infantry
1317,GC_Chem_GLAInfantryRebel,infantry
1318,GC_Chem_GLAInfantryTunnelDefender,infantry
1319,GC_Chem_ToxinStreamProjectile,other
1320,GC_Chem_ToxinProjectileStream,other
1321,GC_Chem_GLAInfantryWorker,eco
1322,GC_Chem_GLAVehicleToxinTruck,light
1323,GC_Chem_GLATankScorpion,tank
1324,GC_Chem_GLAVehicleBombTruck,light
1325,GC_Chem_GLAVehicleRadarVan,light
1326,GC_Chem_GLAVehicleQuadCannon,antiair
1327,GC_Chem_GLAVehicleScudLauncher,artillery
1328,GC_Chem_GLAInfantryHijacker,infantry
1329,GC_Chem_GLAInfantryJarmenKell,hero
1330,GC_Chem_GLAInfantryTerrorist,infantry
1331,GC_Slth_GLACommandCenter,structure
1332,GC_Slth_GLAHoleCommandCenter,structure
1333,GC_Slth_GLASupplyStash,eco
1334,GC_Slth_GLAHoleSupplyStash,structure
1335,GC_Slth_GLABarracks,structure
1336,GC_Slth_GLAHoleBarracks,structure
1337,GC_Slth_GLAStingerSite,defense
1338,GC_Slth_GLAHoleStingerSite,structure
1339,GC_Slth_GLATunnelNetwork,defense
1340,GC_Slth_GLAHoleTunnelNetwork,structure
1341,GC_Slth_GLAArmsDealer,structure
1342,GC_Slth_GLAHoleArmsDealer,structure
1343,GC_Slth_GLAPalace,structure
1344,GC_Slth_GLAHolePalace,structure
1345,GC_Slth_GLABlackMarket,eco
1346,GC_Slth_GLAHoleBlackMarket,structure
1347,GC_Slth_GLADemoTrap,structure
1348,GC_Slth_GLAScudStorm,superweapon
1349,GC_Slth_GLAHoleScudStorm,structure
1350,GC_Slth_JarmenKellBullet,other
1351,GC_Slth_GLAInfantryWorker,eco
1352,GC_Slth_GLAInfantryStingerSoldier,infantry
1353,GC_Slth_GLAInfantryTunnelDefender,infantry
1354,GC_Slth_GLAInfantryJarmenKell,hero
1355,GC_Slth_GLAInfantrySniper,infantry
1356,GC_Slth_GLAInfantryRebel,infantry
1357,GC_Slth_GLAInfantryTerrorist,infantry
1358,GC_Slth_GLAInfantryHijacker,infantry
1359,GC_Slth_GLAVehicleRadarVan,light
1360,GC_Slth_GLAVehicleTechnical,light
1361,GC_Slth_GLAVehicleTechnicalChassisOne,light
1362,GC_Slth_GLAVehicleTechnicalChassisTwo,light
1363,GC_Slth_GLAVehicleTechnicalChassisThree,light
1364,GC_Slth_GLAVehicleBattleBus,light
1365,GC_Slth_GLAVehicleCombatBike,light
1366,GC_Slth_GLAVehicleCombatBikeRocket,light
1367,GC_Slth_GLAVehicleCombatBikeTerrorist,light
1368,GC_Slth_GLAVehicleQuadCannon,antiair
1369,GLAJetCargoPlane,air
1370,CINE_GLAInfantryJarmenKell,infantry
1371,CINE_GLAInfantryStingerSoldier,infantry
1372,CINE_GLAVehicleRocketBuggy,artillery
1373,CINE_GLAVehicleCombatBike,light
1374,CINE_SCUDMissile,other
1375,CINE_GLAInfantryRebel,infantry
1376,CINE_GLAInfantryTunnelDefender,infantry
1377,CINE_GLAVehicleTechnical,light
1378,CINE_GLAVehicleTechnicalChassisOne,light
1379,CINE_GLAVehicleTechnicalChassisTwo,light
1380,CINE_GLAVehicleTechnicalChassisThree,light
1381,CINE_GLATankScorpion,tank
1382,CINE_GLAInfantryAngryMobNexus,infantry
1383,CINE_GLAInfantryAngryMobPistol01,infantry
1384,CINE_GLAInfantryAngryMobPistol03,infantry
1385,CINE_GLAInfantryAngryMobPistol05,infantry
1386,CINE_GLAVehicleQuadCannon,antiair
1387,CINE_GLAVehicleScudLauncher,artillery
1388,CINE_GLAVehicleBombTruck,light
1389,CINE_GLAInfantryTerrorist,infantry
1390,CINE_GLAVehicleToxinTruck,light
1391,CINE_GLAInfantryWorker,eco
1392,CINE_StlLightTank,light
1393,CINE_CheeringRebel01,infantry
1394,CINE_CheeringRebel02,infantry
1395,CINE_CheeringTunnelDefender,infantry
1396,CINE_CheeringTerrorist,infantry
1397,CINE_CheeringHijacker,infantry
1398,CINE_CheeringWorker,eco
1399,CINE_GLAInfantryRebel_SUR,infantry
1400,CINE_akStature,structure
1401,GLAVehicleBattleBusHighDef,light
1402,CINE_GLAVehicleScudLauncherHd,artillery
1403,GLAInfantryRebel,infantry
1404,GLAInfantryJarmenKell,hero
1405,GLAInfantryTunnelDefender,infantry
1406,GLAInfantryStingerSoldier,infantry
1407,GLAInfantryTerrorist,infantry
1408,GLAInfantryAngryMobNexus,infantry
1409,GLAInfantryAngryMobPistol01,infantry
1410,GLAInfantryAngryMobRock02,infantry
1411,GLAInfantryAngryMobPistol03,infantry
1412,GLAInfantryAngryMobRock04,infantry
1413,GLAInfantryAngryMobPistol05,infantry
1414,GLAInfantryAngryMobMolotov02,infantry
1415,GLAInfantryHijacker,infantry
1416,GLAInfantryWorker,eco
1417,GLAInfantrySaboteur,infantry
1418,GLARocketBuggyFullDebris,other
1419,GLACombatBikeFullDebris,other
1420,GLACombatBikeToppledHulk,other
1421,RocketBuggyMissileDebris,other
1422,GLATankScorpion,tank
1423,GLAVehicleRocketBuggy,artillery
1424,GLAVehicleCombatBike,light
1425,GLAVehicleCombatBikeRocket,light
1426,GLAVehicleCombatBikeTerrorist,light
1427,GLAVehicleQuadCannon,antiair
1428,GLAVehicleToxinTruck,light
1429,GLAVehicleBombTruck,light
1430,GLAVehicleScudLauncher,artillery
1431,GLAVehicleTechnical,light
1432,GLAVehicleTechnicalChassisOne,light
1433,GLAVehicleTechnicalChassisTwo,light
1434,GLAVehicleTechnicalChassisThree,light
1435,GLALightTank,light
1436,GLAVehicleDozer,eco
1437,GLATankMarauder,tank
1438,GLAVehicleRadarVan,light
1439,GLAVehicleBattleBus,light
1440,GLAVehicleScudLauncherHiDef,artillery
1441,DeadMicrowaveHulk,other
1442,AmericaVehicleHumveeDeadHull,other
1443,AmericaVehicleTomahawkHulk,other
1444,ChinaVehicleNukeCannonHulk,other
1445,AmericaJetRaptorHulk,other
1446,AmericaJetA10Hulk,other
1447,SpectreHulk,other
1448,AmericaJetStealthHulk,other
1449,AmericaJetAuroraHulk,other
1450,ComancheRubbleHull,other
1451,ChinookRubbleHull,other
1452,HelixRubbleHull,other
1453,ChinaJetMIGHulk,other
1454,ChinaVehicleBattleMasterDeadHull,other
1455,ChinaTankOverlordDeadHull,other
1456,ChinaTankDragonDeadHull,other
1457,ChinaVehicleTroopCrawlerDeadHull,other
1458,ChinaVehicleAssaultTroopCrawlerDeadHull,other
1459,DeadTankHulk,other
1460,InfernoCannonHulk,other
1461,DeadChinaSupplyTruckHulk,other
1462,DeadChinaGattlingTankHulk,other
1463,DeadChinaECMTankHulk,other
1464,AmericaVehicleAmbulanceDeadHull,other
1465,DeadSCUDLauncherHulk,other
1466,DeadToxinTractorHulk,other
1467,DeadQuadCannonHulk,other
1468,DeadBombTruckHulk,other
1469,DeadTechnicalVanHulk,other
1470,DeadTechnicalJeepHulk,other
1471,DeadTechnicalTruckHulk,other
1472,DeadRocketBuggyHulk,other
1473,DeadCombatBikeHulk,other
1474,DeadCrusaderHulk,other
1475,DeadLaserTankHulk,other
1476,DeadPaladinHulk,other
1477,DeadAvengerHulk,other
1478,DeadMarauderHulk,other
1479,DeadBattleBusHulk,other
1480,DeadScorpionHulk,other
1481,DestroyedMilitiaTank,other
1482,DeadRadarVanHulk,other
1483,ChinaDeadDozerHulk,other
1484,AmericaDeadDozerHulk,other
1485,AmericaScoutDroneHulk,other
1486,AmericaBattleDroneHulk,other
1487,AmericaJetCargoHulk,other
1488,AmericaVehicleSentryDroneHulk,other
1489,ChinaVehicleListeningOutpostDeadHull,other
1490,DeadGLAToxicSupplyTruckHulk,other
1491,Infa_ChinaJetMIG,air
1492,Infa_ChinaJetCargoPlane,air
1493,Infa_ChinaInfantryBlackLotus,hero
1494,Infa_ChinaInfantryTankHunter,infantry
1495,Infa_ChinaInfantryHacker,eco
1496,Infa_ChinaTankDragon,tank
1497,Infa_ChinaVehicleInfernoCannon,artillery
1498,Infa_ChinaVehicleNukeLauncher,artillery
1499,Infa_ChinaTankGattling,antiair
1500,Infa_ChinaVehicleSupplyTruck,eco
1501,Infa_ChinaVehicleDozer,eco
1502,Infa_ChinaTankECM,tank
1503,Infa_ChinaCommandCenter,structure
1504,Infa_ChinaAirfield,structure
1505,Infa_ChinaNuclearMissileLauncher,superweapon
1506,Infa_ChinaSpeakerTower,defense
1507,Infa_ChinaPowerPlant,structure
1508,Infa_ChinaSupplyCenter,eco
1509,Infa_ChinaBarracks,structure
1510,Infa_ChinaWarFactory,structure
1511,Infa_ChinaPropagandaCenter,structure
1512,Infa_ChinaGattlingCannon,defense
1513,Infa_ChinaInternetCenter,eco
1514,Infa_ChinaBunker,defense
1515,Infa_ChinaInfantryMiniGunner,infantry
1516,Infa_ChinaVehicleTroopCrawler,light
1517,Infa_ChinaVehicleListeningOutpost,tank
1518,Infa_ChinaVehicleHelix,air
1519,Infa_ChinaHelixBattleBunker,other
1520,Lazr_AmericaJetSpectreGunship,air
1521,Lazr_SpectreGunshipGattlingCannon,other
1522,Lazr_SpectreGunshipHowitzer,other
1523,Lazr_AmericaJetRaptor,air
1524,Lazr_AmericaJetB52,air
1525,Lazr_AmericaJetAurora,air
1526,Lazr_AmericaJetStealthFighter,air
1527,Lazr_AmericaVehicleComanche,air
1528,Lazr_AmericaJetA10Thunderbolt,air
1529,Lazr_AmericaVehicleChinook,eco
1530,Lazr_AmericaJetCargoPlane,air
1531,Lazr_AmericaInfantryColonelBurton,hero
1532,Lazr_AmericaInfantryRanger,infantry
1533,Lazr_AmericaInfantryMissileDefender,infantry
1534,Lazr_AmericaInfantryPilot,infantry
1535,Lazr_AmericaInfantryPathfinder,infantry
1536,Lazr_AmericaVehicleHumvee,light
1537,Lazr_AmericaVehicleTomahawk,artillery
1538,Lazr_AmericaVehicleMedic,light
1539,Lazr_AmericaVehicleBattleDrone,tank
1540,Lazr_AmericaVehicleScoutDrone,tank
1541,Lazr_AmericaVehicleHellfireDrone,tank
1542,Lazr_AmericaVehicleSpyDrone,light
1543,Lazr_AmericaTankCrusader,tank
1544,Lazr_AmericaVehicleDozer,eco
1545,Lazr_AmericaTankPaladin,tank
1546,Lazr_AmericaVehicleSentryDrone,light
1547,Lazr_AmericaTankAvengerLaserTurret,other
1548,Lazr_AmericaTankAvenger,light
1549,Lazr_AmericaTankMicrowave,tank
1550,Lazr_AmericaCommandCenter,structure
1551,Lazr_AmericaPowerPlant,structure
1552,Lazr_AmericaParticleCannonUplink,superweapon
1553,Lazr_AmericaStrategyCenter,structure
1554,Lazr_AmericaAirfield,structure
1555,Lazr_AmericaSupplyCenter,eco
1556,Lazr_AmericaSupplyDropZone,eco
1557,Lazr_AmericaBarracks,structure
1558,Lazr_AmericaWarFactory,structure
1559,Lazr_AmericaFireBase,defense
1560,Lazr_HowitzerLaserBeam,other
1561,Lazr_CrusaderLaserBeam,other
1562,Lazr_PaladinLaserBeam,other
1563,Lazr_AmericaPatriotBattery,defense
1564,Lazr_AmericaLaserCannonUplink,superweapon
1565,Lazr_AmericaLaserCannon,superweapon
1566,Lazr_PatriotLaserBeam,other
1567,GenericTree,other
1568,GenericOptTree,other
1569,TreeDogwood1,other
1570,TreeDogwood1Snow,other
1571,Bush01,other
1572,BurningEmber,other
1573,TreeCypress01,other
1574,TreeCypress02,other
1575,TreeFir01B,other
1576,TreeCherryBlossom01,other
1577,TreeCherryBlossom02,other
1578,TreeDogwood2,other
1579,TreeDogwood3,other
1580,TreeDogwood4,other
1581,TreeDogwood5,other
1582,TreeDogwood6,other
1583,TreeDogwood7,other
1584,TreeDogwood8,other
1585,TreeOak1,other
1586,TreeOakFall1,other
1587,TreeOakFall2,other
1588,TreeOakFall3,other
1589,TreeOakFall4,other
1590,TreeOakFall5,other
1591,TreeOakFall6,other
1592,TreeOakFall7,other
1593,TreeOakFall8,other
1594,TreeOrangeTree01,other
1595,TreeFir01snow,other
1596,TreePalm1,other
1597,TreePalm2,other
1598,TreePalm2short,other
1599,TreePalm1short,other
1600,TreeSpruceSnow,other
1601,TreeSpruce,other
1602,TreeSpruce2,other
1603,TreeSpruceStump,other
1604,TreeBurnedStump,other
1605,TreePineSnow,other
1606,TreePine,other
1607,TreePine2,other
1608,TreePine3,other
1609,TreePine3snow,other
1610,TreePine4,other
1611,TreePine4snow,other
1612,TreePine4snow2,other
1613,TreePine5,other
1614,TreePine5snow,other
1615,TreePine5snow2,other
1616,TreePineStump,other
1617,TreeOakStump,other
1618,TreeMaple1,other
1619,TreeMaple2,other
1620,TreeMapleStump,other
1621,Rocks1,other
1622,Rocks2,other
1623,Rocks3,other
1624,Rocks4,other
1625,Rocks5,other
1626,Rocks6,other
1627,Rocks7,other
1628,Rocks8,other
1629,Rocks9,other
1630,Rocks10,other
1631,RocksG01,other
1632,RocksG02,other
1633,RocksG03,other
1634,RocksG04,other
1635,RocksG05,other
1636,RocksG06,other
1637,RocksG07,other
1638,RocksG08,other
1639,RocksG09,other
1640,RocksG10,other
1641,RocksG11,other
1642,RocksG12,other
1643,RocksG13,other
1644,RocksG14,other
1645,RocksG15,other
1646,RocksG16,other
1647,RocksG17,other
1648,RocksG18,other
1649,RocksG19,other
1650,Rocks1Brown,other
1651,Rocks2Brown,other
1652,Rocks3Brown,other
1653,Hedge1,other
1654,Boulders,other
1655,Bush02,other
1656,Bush03,other
1657,Bush04,other
1658,Bush05,other
1659,Bush06,other
1660,Bush07,other
1661,Bush08,other
1662,Bush09,other
1663,Bush10,other
1664,Bush11,other
1665,Bush12Snow,other
1666,Bush13Snow,other
1667,Bush14Snow,other
1668,Bush15,other
1669,Bush16,other
1670,DirtMound,other
1671,RubbleMound,other
1672,TreeSpruce03,other
1673,TreeSpruce03Snow,other
1674,TreeSpruce04,other
1675,TreeSpruce04Snow,other
1676,TreeSpruce05,other
1677,TreeSpruce05Snow,other
1678,TreeFir01,other
1679,TreeFir02,other
1680,TreeFir03,other
1681,TreeFir04,other
1682,TreeFir05,other
1683,TreeFir06Snow,other
1684,TreeFir07Snow,other
1685,TreeFir08Snow,other
1686,TreeFir09Snow,other
1687,TreeFir10Snow,other
1688,TreeBirch01,other
1689,TreeBirch02,other
1690,TreeBirch03,other
1691,TreeBirch04,other
1692,TreeBirch05,other
1693,TreeBirch06,other
1694,TreeBirch07,other
1695,TreeOak01,other
1696,TreeOak05,other
1697,TreeOak01Snow,other
1698,TreeOak02,other
1699,TreeOak06,other
1700,TreeOak02Snow,other
1701,TreeBonsai01,other
1702,TreeBonsai01Snow,other
1703,TreeBonsai02,other
1704,TreeBonsai02Snow,other
1705,TreePalm03,other
1706,TreePalm04,other
1707,ArborVitae01,other
1708,ArborVitae02,other
1709,TreeWillow01,other
1710,TreeWillow02,other
1711,TreeWillow03,other
1712,TreeMaple03,other
1713,TreeMaple05,other
1714,TreeMaple03Snow,other
1715,TreeMaple04,other
1716,TreeMaple06,other
1717,TreeMaple04Snow,other
1718,TreeBamboo01,other
1719,TreeBamboo02,other
1720,TreeBamboo01Snow,other
1721,TreeBamboo02Snow,other
1722,TreeBamboo03,other
1723,DesertShrub01,other
1724,DesertShrub02,other
1725,DesertShrub03,other
1726,DesertShrub04,other
1727,DesertShrub05,other
1728,DesertShrub06,other
1729,DesertShrub07,other
1730,DesertShrub08,other
1731,DesertShrub10,other
1732,DesertShrub11,other
1733,DesertShrub12,other
1734,DesertShrub13,other
1735,RockClusterSmall01,other
1736,RockClusterSmallSnow01,other
1737,RockClusterMedium01,other
1738,RockClusterMediumSnow01,other
1739,RockClusterLarge01,other
1740,RockClusterLargeSnow01,other
1741,DesertShrub09,other
1742,VinesGreen,other
1743,VinesBrown,other
1744,CINETreeDogwood1,other
1745,CINETreeDogwood2,other
1746,Bird,other
1747,Ox,other
1748,Nuke_RadiationFieldSmall,other
1749,Nuke_BattleMasterTankShell,other
1750,Nuke_OverlordTankShell,other
1751,Nuke_ChinaVehicleHelix,air
1752,Nuke_ChinaHelixGattlingCannon,other
1753,Nuke_ChinaHelixPropagandaTower,other
1754,Nuke_ChinaHelixBattleBunker,other
1755,Nuke_ChinaJetMIG,air
1756,Nuke_ChinaJetCargoPlane,air
1757,Nuke_ChinaInfantryRedguard,infantry
1758,Nuke_ChinaInfantryBlackLotus,hero
1759,Nuke_ChinaInfantryTankHunter,infantry
1760,Nuke_ChinaInfantryHacker,eco
1761,Nuke_ChinaTankDragon,tank
1762,Nuke_ChinaVehicleTroopCrawler,tank
1763,Nuke_ChinaVehicleInfernoCannon,artillery
1764,Nuke_ChinaVehicleNukeLauncher,artillery
1765,Nuke_ChinaTankGattling,antiair
1766,Nuke_ChinaVehicleSupplyTruck,eco
1767,Nuke_ChinaVehicleDozer,eco
1768,Nuke_ChinaTankECM,tank
1769,Nuke_ChinaVehicleListeningOutpost,tank
1770,Nuke_ChinaCommandCenter,structure
1771,Nuke_ChinaAirfield,structure
1772,Nuke_ChinaNuclearMissileLauncher,superweapon
1773,Nuke_ChinaSpeakerTower,defense
1774,Nuke_ChinaPowerPlant,structure
1775,Nuke_ChinaSupplyCenter,eco
1776,Nuke_ChinaBarracks,structure
1777,Nuke_ChinaWarFactory,structure
1778,Nuke_ChinaBunker,defense
1779,Nuke_ChinaPropagandaCenter,structure
1780,Nuke_ChinaGattlingCannon,defense
1781,Nuke_ChinaInternetCenter,eco
1782,Nuke_ChinaTankBattleMaster,tank
1783,Nuke_ChinaTankOverlord,tank
1784,Nuke_ChinaTankOverlordGattlingCannon,other
1785,Nuke_ChinaTankOverlordPropagandaTower,other
1786,Nuke_ChinaTankOverlordBattleBunker,other
1787,Nuke_ChinaCarpetBomb,other
1788,AmericaJetB3,air
1789,ChinaJetCarpetBomber,air
1790,Slth_GLAHole,structure
1791,Slth_GLACommandCenter,structure
1792,Slth_GLAHoleCommandCenter,structure
1793,Slth_FakeGLACommandCenter,structure
1794,Slth_GLABlackMarket,eco
1795,Slth_GLAHoleBlackMarket,structure
1796,Slth_FakeGLABlackMarket,structure
1797,Slth_GLAScudStorm,superweapon
1798,Slth_GLADemoTrap,structure
1799,Slth_GLAHoleDemoTrap,structure
1800,Slth_GLATunnelNetwork,defense
1801,Slth_GLAHoleTunnelNetwork,structure
1802,Slth_GLAStingerSite,defense
1803,Slth_GLAHoleStingerSite,structure
1804,Slth_GLAPalace,structure
1805,Slth_GLAHolePalace,structure
1806,Slth_GLASupplyStash,eco
1807,Slth_GLAHoleSupplyStash,structure
1808,Slth_FakeGLASupplyStash,structure
1809,Slth_GLABarracks,structure
1810,Slth_FakeGLABarracks,structure
1811,Slth_GLAHoleBarracks,structure
1812,Slth_GLAArmsDealer,structure
1813,Slth_GLAHoleArmsDealer,structure
1814,Slth_FakeGLAArmsDealer,structure
1815,Slth_GLASneakAttackTunnelNetworkStart,structure
1816,Slth_GLASneakAttackTunnelNetwork,defense
1817,Slth_GLAInfantryRebel,infantry
1818,Slth_GLAInfantryJarmenKell,hero
1819,Slth_GLAInfantryTunnelDefender,infantry
1820,Slth_GLAInfantryStingerSoldier,infantry
1821,Slth_GLAInfantryTerrorist,infantry
1822,Slth_GLAInfantryAngryMobNexus,infantry
1823,Slth_GLAInfantryAngryMobPistol01,infantry
1824,Slth_GLAInfantryAngryMobRock02,infantry
1825,Slth_GLAInfantryAngryMobPistol03,infantry
1826,Slth_GLAInfantryAngryMobRock04,infantry
1827,Slth_GLAInfantryAngryMobPistol05,infantry
1828,Slth_GLAInfantryAngryMobMolotov02,infantry
1829,Slth_GLAInfantryHijacker,infantry
1830,Slth_GLAInfantryWorker,eco
1831,Slth_GLAInfantrySaboteur,infantry
1832,Slth_GLATankScorpion,tank
1833,Slth_GLAVehicleRocketBuggy,artillery
1834,Slth_GLAVehicleCombatBike,light
1835,Slth_GLAVehicleQuadCannon,antiair
1836,Slth_GLAVehicleToxinTruck,light
1837,Slth_GLAVehicleBombTruck,light
1838,Slth_GLAVehicleScudLauncher,artillery
1839,Slth_GLAVehicleTechnical,light
1840,Slth_GLAVehicleTechnicalChassisOne,light
1841,Slth_GLAVehicleTechnicalChassisTwo,light
1842,Slth_GLAVehicleTechnicalChassisThree,light
1843,Slth_GLATankMarauder,tank
1844,Slth_GLAVehicleRadarVan,light
1845,Slth_GLAVehicleBattleBus,light
1846,SupW_PointDefenseDroneLaserBeam,other
1847,SupW_AmericaVehiclePointDefenseDrone,tank
1848,SupW_NeutronMissile,other
1849,SupW_AmericaJetSpectreGunship,air
1850,SupW_SpectreGunshipGattlingCannon,other
1851,SupW_SpectreGunshipHowitzer,other
1852,SupW_AmericaJetRaptor,air
1853,SupW_AmericaJetB52,air
1854,SupW_AmericaJetAurora,air
1855,SupW_AmericaJetStealthFighter,air
1856,SupW_AmericaVehicleComanche,air
1857,SupW_AmericaJetA10Thunderbolt,air
1858,SupW_AmericaVehicleChinook,eco
1859,SupW_AmericaJetCargoPlane,air
1860,SupW_AmericaInfantryColonelBurton,hero
1861,SupW_AmericaInfantryRanger,infantry
1862,SupW_AmericaInfantryMissileDefender,infantry
1863,SupW_AmericaInfantryPilot,infantry
1864,SupW_AmericaInfantryPathfinder,infantry
1865,SupW_AmericaVehicleHumvee,light
1866,SupW_AmericaVehicleTomahawk,artillery
1867,SupW_AmericaVehicleMedic,light
1868,SupW_AmericaVehicleBattleDrone,tank
1869,SupW_AmericaVehicleScoutDrone,tank
1870,SupW_AmericaVehicleHellfireDrone,tank
1871,SupW_AmericaVehicleSpyDrone,light
1872,SupW_AmericaTankCrusader,tank
1873,SupW_AmericaVehicleDozer,eco
1874,SupW_AmericaTankPaladin,tank
1875,SupW_AmericaVehicleSentryDrone,light
1876,SupW_AmericaTankAvengerLaserTurret,other
1877,SupW_AmericaTankAvenger,light
1878,SupW_AmericaTankMicrowave,tank
1879,SupW_AmericaCommandCenter,structure
1880,SupW_AmericaParticleCannonUplink,superweapon
1881,SupW_AmericaStrategyCenter,structure
1882,SupW_AmericaAirfield,structure
1883,SupW_AmericaSupplyCenter,eco
1884,SupW_AmericaSupplyDropZone,eco
1885,SupW_AmericaBarracks,structure
1886,SupW_AmericaWarFactory,structure
1887,SupW_AmericaPatriotBattery,defense
1888,SupW_AmericaFireBase,defense
1889,SupW_AmericaPowerPlant,structure
1890,SupW_AmericaNuclearMissileLauncher,structure
1891,SupW_AmericaJetB3,air
1892,SupW_AmericaCruiseMissileLauncher,structure
1893,SupW_TomahawkMissile,other
1894,GenericTracer,other
1895,GenericRope,other
1896,EMPPulseEffectSpheroid,other
1897,MOABEffectSpheroid,other
1898,EMPMineEffectSpheroid,other
1899,BlastCraterGenerator,structure
1900,RallyPointMarker,other
1901,WaypointNode,other
1902,WaypointLine,other
1903,VerticalArrow,other
1904,HorizontalArrow,other
1905,LockonCursor,other
1906,MoveHint,other
1907,AttackHint,other
1908,SpySatellitePing,other
1909,GPSScrambler_InvisibleMarker,infantry
1910,RepairVehiclesInArea_InvisibleMarker_Level1,light
1911,RepairVehiclesInArea_InvisibleMarker_Level2,light
1912,RepairVehiclesInArea_InvisibleMarker_Level3,light
1913,Frenzy_InvisibleMarker_Level1,other
1914,Frenzy_InvisibleMarker_Level2,other
1915,Frenzy_InvisibleMarker_Level3,other
1916,RadarVanPing,other
1917,SuperweaponPing,other
1918,SelectIcon,other
1919,AIMarkTile,other
1920,AIPathTile,other
1921,AISearchOpenTile,other
1922,AISearchClosedTile,other
1923,AICliffTile,other
1924,AIWaterTile,other
1925,AIBlockTile,other
1926,GenericDebris,other
1927,GenericBridge,structure
1928,BridgeScaffold01,other
1929,BridgeScaffoldSupport01,other
1930,BridgeScaffold02,other
1931,BridgeScaffoldSupport02,other
1932,WaveGuide,other
1933,WaveGuideGLA01,other
1934,NukeTestObject,other
1935,FirestormTestObject,other
1936,FlamingInfantry,infantry
1937,ToxicInfantry,infantry
1938,ToxicInfantryBeta,infantry
1939,ToxicInfantryGamma,infantry
1940,ToxicInfantry_TerroristOnly,infantry
1941,ToxicInfantryBeta_TerroristOnly,infantry
1942,ToxicInfantryGamma_TerroristOnly,infantry
1943,WaterWaveBridge,other
1944,FirestormSmall,other
1945,BlackNapalmFirestormSmall,other
1946,FireWallSegment,other
1947,FireWallSegmentUpgraded,other
1948,FireFieldSmall,other
1949,FireFieldUpgradedSmall,other
1950,PoisonFieldLarge,other
1951,PoisonFieldMedium,other
1952,PoisonFieldSmall,other
1953,PoisonFieldUpgradedLarge,other
1954,PoisonFieldUpgradedMedium,other
1955,PoisonFieldUpgradedSmall,other
1956,PoisonFieldAnthraxBomb,other
1957,PoisonFieldAnthraxGammaBomb,other
1958,RadiationFieldLarge,other
1959,RadiationFieldMedium,other
1960,RadiationFieldSmall,other
1961,NukeRadiationFieldWeapon,other
1962,ParticleFXTestObject,other
1963,GarrisonGun,other
1964,CivilianVehicleTrainGuide,other
1965,SpecialEffectsTrainCrashObject,structure
1966,VisionObject,other
1967,BaikonurRocketDetonation,other
1968,ParticleUplinkCannonTrailRemnant,other
1969,AvalancheSound,air
1970,EMPPatriotEffectSpheroid,other
1971,Tank_ChinaVehicleHelix,air
1972,Tank_ChinaHelixGattlingCannon,other
1973,Tank_ChinaHelixPropagandaTower,other
1974,Tank_ChinaHelixBattleBunker,other
1975,Tank_ChinaJetMIG,air
1976,Tank_ChinaJetCargoPlane,air
1977,Tank_ChinaInfantryRedguard,infantry
1978,Tank_ChinaInfantryBlackLotus,hero
1979,Tank_ChinaInfantryTankHunter,infantry
1980,Tank_ChinaInfantryHacker,eco
1981,Tank_HelixBlades,other
1982,Tank_ChinaTankBattleMaster,tank
1983,Tank_ChinaTankEmperor,tank
1984,Tank_ChinaTankOverlordGattlingCannon,other
1985,Tank_ChinaTankOverlordPropagandaTower,other
1986,Tank_ChinaTankOverlordBattleBunker,other
1987,Tank_ChinaTankDragon,tank
1988,Tank_ChinaVehicleTroopCrawler,tank
1989,Tank_ChinaTankGattling,antiair
1990,Tank_ChinaVehicleSupplyTruck,eco
1991,Tank_ChinaVehicleDozer,eco
1992,Tank_ChinaTankECM,tank
1993,Tank_ChinaVehicleListeningOutpost,tank
1994,Tank_ChinaNuclearMissileLauncher,superweapon
1995,Tank_ChinaSpeakerTower,defense
1996,Tank_ChinaPowerPlant,structure
1997,Tank_ChinaSupplyCenter,eco
1998,Tank_ChinaBarracks,structure
1999,Tank_ChinaAirfield,structure
2000,Tank_ChinaWarFactory,structure
2001,Tank_ChinaBunker,defense
2002,Tank_ChinaPropagandaCenter,structure
2003,Tank_ChinaGattlingCannon,defense
2004,Tank_ChinaInternetCenter,eco
2005,Tank_ChinaCommandCenter,structure
2006,TechArtilleryPlatform,defense
2007,TechReinforcementPad,structure
2008,TechRepairPad,structure
2009,TechRepairbay,light
2010,MOAB,other
2011,MOABGas,other
2012,AvengerPointDefenseLaserBeam,other
2013,AvengerLaserBeam,other
2014,AvengerTargetingLaserBeam,other
2015,MicrowaveDisableStream,other
2016,ECMDisableStream,other
2017,ChinaCarpetBomb,other
2018,SpectreHowitzerShell,other
2019,HumveeMissile,other
2020,PatriotMissile,other
2021,A10ThunderboltMissile,other
2022,RaptorJetMissile,other
2023,StealthJetMissile,other
2024,CarpetBomb,other
2025,AuroraBomb,other
2026,ChinaStandardMine,other
2027,ChinaEMPMine,other
2028,NeutronBlastObject,other
2029,ChinaClusterMine,other
2030,ClusterMinesBomb,other
2031,EMPPulseBomb,other
2032,BlackMarketNuke,other
2033,AnthraxBomb,other
2034,AnthraxBombGamma,other
2035,DaisyCutterBomb,other
2036,DaisyCutterGas,other
2037,NeutronMissile,other
2038,CargoTruckNuke,other
2039,ScudStormMissile,other
2040,NapalmMissile,other
2041,ChinaJetMIGNapalmStriker,air
2042,TNTStickyBomb,other
2043,BoobyTrap,other
2044,RemoteC4Charge,other
2045,TimedC4Charge,other
2046,DemoTrapDetonationObject,other
2047,StingerMissile,other
2048,ComancheAntiTankMissile,other
2049,ComancheRocketPodRocket,other
2050,RocketBuggyMissile,other
2051,SCUDMissile,other
2052,SCUDMissilePlusOne,other
2053,SCUDMissilePlusTwo,other
2054,TomahawkMissile,other
2055,StrategyCenterArtilleryShell,other
2056,MissileDefenderMissile,other
2057,TunnelDefenderMissile,other
2058,TechnicalRPGMissile,other
2059,TankHunterMissile,other
2060,ToxinTruckStreamProjectile,other
2061,ToxinTruckStreamProjectileUpgraded,other
2062,ToxinTruckProjectileStream,other
2063,ToxinTruckProjectileStreamUpgraded,other
2064,ToxinTruckSprayProjectile,other
2065,CleanupHazardProjectileStream,other
2066,CleanupStreamProjectile,other
2067,BioHazardCleanupStreamProjectile,other
2068,DragonTankFlameProjectile,other
2069,FlamethrowerProjectileStream,other
2070,DragonTankFlameProjectileUpgraded,other
2071,FlamethrowerProjectileStreamUpgraded,other
2072,PointDefenseLaserBeam,other
2073,LaserBeam,other
2074,ParticleUplinkCannon_MediumConnectorLaser,other
2075,ParticleUplinkCannon_IntenseConnectorLaser,other
2076,ParticleUplinkCannon_OrbitalLaser,other
2077,SupW_ParticleUplinkCannon_MediumConnectorLaser,other
2078,SupW_ParticleUplinkCannon_IntenseConnectorLaser,other
2079,SupW_ParticleUplinkCannon_OrbitalLaser,other
2080,BinaryDataStream,other
2081,ScorpionMissile,other
2082,RangerFlashBangGrenade,other
2083,ScorpionTankShell,other
2084,MarauderTankShell,other
2085,GenericTankShell,other
2086,BattleMasterTankShell,other
2087,OverlordTankShell,other
2088,NukeCannonShell,other
2089,NeutronCannonShell,other
2090,InfernoTankShell,other
2091,InfernoTankShellUpgraded,other
2092,GLAAngryMobRockProjectileObject,other
2093,GLAAngryMobMolotovCocktailProjectileObject,other
2094,ChinaArtilleryBarrageShell,other
2095,NapalmBomb,other
2096,LeafletContainer,other
2097,CruiseMissile,other
2098,SupW_AuroraFuelAirBomb,other
2099,SupW_AuroraFuelAirGas,other
2100,PatriotMissileEMP,other
2101,PatriotMissileEMPHelper,other
2102,NukeBomb,other
2103,USSBenderGunShell,other
2104,MiGFirestorm,other
